Rule,Status,Area,Keywords,Content,Review Hint,Notes
commentstart,enabled,Comments,"comment; godoc; field name; serialized name; starts with",API field の Go doc comment が，対応する serialized field name から始まるかを確認する．comment の内容理解ではなく，comment の先頭語と field name の機械的対応を見る rule,209 件では直接対応する候補はほぼない．`comment tag` はこの rule ではなく optional/required marker の話なので `optionalorrequired` を見る．field doc comment の開始形式そのものを扱う候補が出た時だけ参照する,既存 API group には広い例外設定がある
conditions,enabled,Conditions,"condition; conditions; metav1.Condition; patchStrategy; patchMergeKey; protobuf",Conditions field の構造を確認する．主に `[]metav1.Condition` であるか，JSON/protobuf tag や patch merge marker が Kubernetes condition の構造規約に合っているかを見る rule,209 件では `block_0050_s3` のような Conditions collection の map/key 的な構造は近い．一方で `block_0052_s1`, `block_0056_s1`, `block_0057_s1`, `block_0058_s2` などの「condition がユーザーに有用か」「名前が意味的に良いか」はこの rule では拾えないので Beyond-Syntax=true 寄り,一部の検査は SuggestFix 設定．互換性例外が複数ある
conflictingmarkers,enabled,Field markers,"optional; required; marker; conflict; default; kubebuilder",同じ API field に相互排他的な marker が同時に付いていないかを確認する．設定上は optional と required の衝突，required と default の衝突を見る,209 件では直接対応候補は少ない．`block_0154_s1` や `block_0164_s2` は optional/required の明示なので `optionalorrequired` 寄り．「同じ field が optional かつ required」「required なのに default あり」のような候補が出た時だけこの rule を見る,optional_vs_required と required_vs_default の conflict set が設定されている
integers,enabled,Field types,"int; integer; int32; int64",public API field の整数型が platform 依存の `int` ではなく，明示幅を持つ `int32` または `int64` になっているかを確認する,209 件では `block_0085_s1` が直接対応．`block_0088_s2` の int64 bounds check や `block_0087_s1` の unsigned integer 回避は関連はあるが同一 rule とは限らないので，人間判断で切り分ける,
jsontags,enabled,JSON tags,"json; json tag; json tags; json:",API field が JSON serialization 用の `json` tag を持ち，命名規約に合っているかを確認する,209 件では直接対応候補は見当たらない．`json tag` や ``json:`` を明示的に扱う候補が出た時だけ Beyond-Syntax=false 寄りとして参照する,JSON tag regex は kube-api-linter の default を使う
nomaps,enabled,Field types,"map; maps; map type; map[string]; list type; unique key",API field で避けるべき map type を使っていないかを確認する．map ではなく，key を持つ list 型で表現すべき API evolution/SSA 上の問題を検出する rule,209 件では直接対応候補はほぼない．`map` という語が出ても Conditions collection の map 的解釈など semantic な話ならこの rule とは別．「field type が map であること」自体を禁止する候補だけ参照する,string-to-string map の扱いは kube-api-linter default．互換性例外が多い
nonpointerstructs,enabled,Field types,"struct; pointer; non-pointer struct; optional; required",non-pointer struct field が optional/required marker と整合しているかを確認する．struct field の zero value と requiredness の扱いを marker から機械的に見る rule,209 件では直接対応候補は見当たらない．`block_0169_s1` など pointer と requiredness の話は `optionalfields` / `requiredfields` 寄りで，non-pointer struct に限定される時だけこの rule を見る,optionalorrequired と組み合わせて使われる
nonullable,enabled,Field markers,"nullable; null; +nullable",API field が nullable として marker 付けされていないかを確認する．null と unset の意味的区別そのものではなく，nullable marker の使用を検出する rule,209 件では `block_0197_s1` が近いが，これは API design として null/unset 区別を避ける話なので，nullable marker だけの機械検出とは限らない．`+nullable` や nullable marker を直接扱う場合だけ Beyond-Syntax=false 寄り,
notimestamp,enabled,Naming,"timestamp; time; naming",API field 名で `Timestamp` ではなく `Time` を使うべき箇所を確認する．意味的な時刻設計ではなく，field naming の語選択を見る rule,209 件では `block_0460_s1` と `block_0460_s2` が直接対応．metadata の `creationTimestamp` のような既存 field 名参照だけなら互換性例外や既存 API の可能性を確認する,legacy timestamp field には互換性例外がある
optionalfields,enabled,Field markers,"optional; pointer; omitempty; omitzero; json tag",optional field が pointer や `omitempty` を適切に使い，この設定で禁止される `omitzero` を使っていないかを確認する．optional marker そのものではなく，serialization と pointer shape を見る rule,209 件では `block_0169_s1`, `block_0175_s1`, `block_0178_s2`, `block_0182_s1`, `block_0184_s1` が近い．`block_0164_s2` のような +optional/+required 明示は `optionalorrequired` 寄り,pointer と omitempty は SuggestFix．omitzero は Forbid
optionalorrequired,enabled,Field markers,"optional; required; +optional; +required; xor",API field が `+optional` または `+required` のどちらかで明示されているかを確認する．field の意味的 requiredness を決める rule ではなく，marker の存在を確認する rule,209 件では `block_0154_s1`, `block_0164_s2`, `block_0167_s1`, `block_0502_s1` が直接対応しやすい．`required とは何か` や `writer が opinion を表すべき` のような意味説明は人間判断,
ssatags,enabled,SSA metadata,"ssa; server-side apply; listType; list type; atomic; set; map",list field が server-side apply 用の `listType` tag を持つかを確認する．SSA の merge semantics を marker で検出する rule,209 件では `list` や `atomic` の語だけで大量に引っかかるので注意．`+listType`, `listType=map/set/atomic`，SSA list marker を直接扱う候補だけ Beyond-Syntax=false 寄り．resource list や Conditions の意味論はこの rule とは別,listType=set usage は設定で Ignore
duplicatemarkers,enabled,Field markers,"duplicate; duplicated; marker; markers",type と field に同一 marker が重複していないかを確認する．marker の意味ではなく，同じ marker が複数箇所に重複配置されていないかを見る rule,209 件では直接対応候補は見当たらない．marker 重複そのものを扱う候補が出た時だけ参照する,
dependenttags,enabled,Field markers,"dependent; depends on; unionMember; optional; marker",ある marker を使う時に，依存する別 marker も一緒に付いているかを確認する．現在の設定では `k8s:unionMember` が `k8s:optional` に依存する,209 件の単語一致は noise が多い．`depends on` が一般文脈で出てもこの rule とは限らない．`unionMember` や marker dependency を直接扱う候補だけ参照する,現在は k8s:unionMember が k8s:optional に依存する設定
nodurations,enabled,Field types,"duration; metav1.Duration; time.Duration",API field が duration type を使っていないかを確認する．duration の単位名や秒数表現の設計ではなく，Go type として duration を使うかを見る rule,209 件では `block_0246_s1` が関連するが，これは integer + field name units の設計でもある．`time.Duration` や `metav1.Duration` の使用禁止を直接扱う場合は Beyond-Syntax=false 寄り,
maxlength,disabled,Validation,"maxlength; maxLength; maxItems; validation; marker",string や array に最大長・最大要素数の validation marker があるかを確認する rule,209 件では `block_0504_s1` が直接対応しやすい．ただし現在の Kubernetes 設定では disabled なので，Beyond-Syntax=false の直接根拠にはしない．tool-detectable な種類の規約という補助情報として使う,core type では declarative marker が揃うまで無効というコメントがある
nobools,disabled,Field types,"bool; boolean; enum",bool field を避け enum を使うべきかを確認する rule,209 件では `block_0178_s2` が bool pointer/omitempty の話として近いが，これは `optionalfields` でも見る．bool を enum に置き換える設計判断そのものは disabled なので Beyond-Syntax=false の直接根拠にはしない,API design 判断を含みやすい
nofloats,disabled,Field types,"float; floats; floating-point",float type を使っていないかを確認する rule,209 件では `block_0089_s1` が直接対応．ただし現在の Kubernetes 設定では disabled なので，Beyond-Syntax=false の直接根拠にはしない,
nophase,disabled,Naming,"phase; status; state; naming",field 名に `phase` を使っていないかを確認する rule,209 件では `block_0069_s2` と `block_0069_s3` が直接対応．ただし現在の Kubernetes 設定では disabled なので，Beyond-Syntax=false の直接根拠にはしない．conditions への移行という design 判断も含む,phase の良し悪しは API design 文脈に依存しやすい
requiredfields,disabled,Field markers,"required; pointer; omitempty; omitzero; zero value",required field の pointer，`omitempty`，`omitzero` の扱いを確認する rule,209 件では `block_0169_s1`, `block_0179_s1`, `block_0184_s1` が近い．ただし現在の Kubernetes 設定では disabled なので，Beyond-Syntax=false の直接根拠にはしない．zero value の妥当性は人間判断が残る,zero value の妥当性や互換性が絡みやすい
uniquemarkers,disabled,Field markers,"unique; marker; markers; custom marker",marker が重複していないかを確認する rule,209 件では直接対応候補は見当たらない．現在の Kubernetes 設定では disabled なので，Beyond-Syntax=false の直接根拠にはしない,duplicatemarkers で一部は別途カバーされている可能性がある
